"","Zurich","Large_Spot","Spot_Dist","Activity","Evolution","Prev_Activity","Complex","This_Pass","Area"
"1",6,1,4,1,3,1,1,1,1
"2",3,4,3,1,3,1,1,2,1
"3",2,5,3,1,3,1,1,2,1
"4",6,4,4,1,2,1,1,1,1
"5",6,5,4,1,1,1,1,2,1
"6",2,1,3,1,2,1,1,2,1
"7",1,6,3,1,3,1,1,2,1
"8",2,1,3,1,3,1,1,2,1
"9",2,1,3,1,2,1,1,2,1
"10",1,6,3,1,3,1,1,2,1
"11",2,1,3,1,2,1,1,2,1
"12",1,6,3,1,3,1,1,2,1
"13",1,6,2,1,2,1,1,2,1
"14",2,5,3,2,2,1,1,2,1
"15",1,6,3,1,3,1,1,2,1
"16",1,6,3,1,2,1,1,2,1
"17",3,4,2,1,3,1,1,2,1
"18",6,5,4,1,3,1,1,2,1
"19",1,6,3,1,2,1,1,2,1
"20",1,6,3,1,2,1,2,2,1
"21",6,5,4,1,2,1,1,2,1
"22",1,6,3,1,3,1,1,2,1
"23",1,6,3,2,2,1,2,2,1
"24",2,4,3,1,3,1,1,2,1
"25",1,6,3,1,2,1,2,2,1
"26",1,6,3,1,3,1,1,2,1
"27",3,1,2,2,3,1,1,2,1
"28",1,6,3,1,3,1,1,2,1
"29",3,4,3,1,3,1,1,2,1
"30",1,6,3,1,3,1,1,2,1
"31",1,6,3,1,1,1,2,2,1
"32",1,6,3,1,1,1,1,2,1
"33",2,4,2,2,1,1,2,2,1
"34",1,6,3,1,3,1,1,2,1
"35",3,4,2,1,3,1,2,2,1
"36",1,6,3,1,2,1,1,2,1
"37",2,4,3,1,3,1,1,2,1
"38",4,1,1,1,3,1,1,2,1
"39",6,1,4,1,2,1,1,1,1
"40",1,6,3,1,2,1,2,2,1
"41",1,6,3,1,3,1,1,2,1
"42",1,6,3,1,2,1,1,2,1
"43",3,3,2,2,3,1,2,2,1
"44",4,1,2,2,2,1,1,2,1
"45",3,1,2,1,3,1,2,2,1
"46",1,6,3,1,3,1,1,2,1
"47",6,4,4,1,2,1,1,2,1
"48",2,4,3,1,2,1,1,2,1
"49",3,1,3,2,3,3,2,2,1
"50",4,5,3,2,3,1,2,2,1
"51",2,4,3,1,3,1,1,2,1
"52",4,5,2,2,3,1,2,2,1
"53",2,4,3,1,3,1,1,2,1
"54",3,1,2,2,3,1,2,2,1
"55",4,1,2,2,3,1,2,2,1
"56",6,5,4,1,3,1,1,1,1
"57",3,1,3,1,3,1,1,2,1
"58",3,4,3,1,3,1,1,2,1
"59",3,5,3,1,3,1,2,2,1
"60",1,6,3,1,2,1,1,2,1
"61",3,1,2,2,2,1,2,2,1
"62",4,1,2,2,3,3,2,2,1
"63",6,5,4,1,1,1,1,1,1
"64",3,5,2,2,3,1,1,2,1
"65",3,5,3,2,3,2,1,2,1
"66",3,4,3,1,3,1,1,2,1
"67",3,5,3,1,3,1,2,2,1
"68",3,5,3,1,3,1,1,2,1
"69",3,5,3,1,2,1,2,2,1
"70",4,3,1,2,3,3,2,2,2
"71",6,4,4,1,3,1,1,1,1
"72",3,1,3,1,2,1,2,2,1
"73",2,5,2,1,3,1,1,2,1
"74",2,5,3,1,2,1,1,2,1
"75",1,6,3,1,3,1,1,2,1
"76",1,6,3,1,3,1,1,2,1
"77",3,5,3,1,2,1,2,2,1
"78",3,1,2,1,3,1,1,2,1
"79",3,5,3,1,2,1,2,2,1
"80",5,3,1,2,3,1,2,2,2
"81",3,1,2,1,3,1,2,2,1
"82",2,4,3,1,2,1,1,2,1
"83",2,4,3,1,3,1,1,2,1
"84",1,6,3,1,3,1,1,2,1
"85",3,5,3,1,2,1,2,2,1
"86",6,1,4,1,2,1,2,2,1
"87",3,1,3,1,3,1,2,2,1
"88",5,3,1,2,2,1,2,2,1
"89",3,5,2,2,2,1,2,2,1
"90",1,6,3,1,2,1,1,2,1
"91",2,4,3,1,3,1,1,2,1
"92",1,6,3,1,3,1,1,2,1
"93",1,6,3,1,3,1,1,2,1
"94",3,5,3,1,2,1,1,2,1
"95",6,4,4,1,2,1,2,2,1
"96",6,1,4,1,2,1,2,2,1
"97",2,5,3,1,2,1,2,2,1
"98",5,1,2,1,2,1,2,2,2
"99",3,5,3,1,2,1,2,2,1
"100",2,4,3,1,2,1,1,2,1
"101",3,1,1,2,3,1,1,2,1
"102",1,6,3,1,1,1,1,2,1
"103",4,1,2,2,3,1,1,2,1
"104",6,1,4,1,2,1,2,2,1
"105",2,5,3,1,3,1,2,2,1
"106",5,1,1,2,3,1,2,2,2
"107",3,5,3,1,2,1,2,2,1
"108",3,1,2,2,3,1,2,2,1
"109",1,6,3,1,3,1,1,2,1
"110",4,1,2,2,3,1,2,2,1
"111",3,5,3,2,3,1,2,2,1
"112",5,1,2,2,2,1,2,2,1
"113",6,5,4,1,1,1,2,2,1
"114",3,1,2,2,2,1,2,2,1
"115",1,6,3,1,2,1,1,2,1
"116",4,5,2,2,2,1,2,2,1
"117",6,5,4,1,2,1,1,1,1
"118",5,1,1,2,2,1,2,2,1
"119",6,5,4,1,2,1,2,2,1
"120",4,1,3,1,2,1,2,2,1
"121",4,1,2,1,2,1,2,2,1
"122",1,6,3,1,3,1,1,2,1
"123",2,5,3,1,3,1,1,2,1
"124",6,5,4,1,2,1,2,2,1
"125",5,1,2,2,2,1,2,2,1
"126",4,1,3,1,2,1,2,2,1
"127",4,5,2,1,2,1,2,2,1
"128",4,1,3,1,3,1,1,2,1
"129",6,5,4,1,2,1,1,1,1
"130",4,5,3,1,1,1,2,2,1
"131",4,5,2,2,3,1,2,2,1
"132",2,5,3,2,2,1,1,2,1
"133",4,5,3,1,2,1,1,2,1
"134",4,1,2,1,2,1,2,2,1
"135",6,5,4,1,2,1,1,2,1
"136",4,1,3,1,3,1,1,2,1
"137",6,2,4,1,2,1,1,1,1
"138",1,6,3,1,3,1,1,2,1
"139",2,4,3,1,3,1,1,2,1
"140",4,5,2,1,2,1,2,2,1
"141",2,5,3,2,3,1,1,2,1
"142",4,5,3,1,3,1,1,2,1
"143",6,2,4,1,3,1,1,1,1
"144",1,6,3,1,3,1,1,2,1
"145",6,5,4,1,2,1,1,1,1
"146",1,6,3,1,3,1,1,2,1
"147",2,4,3,1,2,1,1,2,1
"148",3,4,3,1,2,1,1,2,1
"149",4,5,3,1,2,1,2,2,1
"150",2,5,3,2,2,1,1,2,1
"151",4,5,3,1,3,1,1,2,1
"152",2,2,3,1,3,1,1,2,1
"153",1,6,3,1,1,1,1,2,1
"154",6,5,4,1,2,1,1,1,1
"155",1,6,3,1,3,1,1,2,1
"156",4,4,1,2,3,1,1,2,1
"157",3,4,2,1,3,1,1,2,1
"158",6,5,4,1,1,1,2,2,1
"159",2,5,3,1,2,1,1,2,1
"160",4,5,3,1,2,1,1,2,1
"161",2,3,3,1,2,1,1,2,1
"162",6,5,4,2,2,1,1,1,1
"163",1,6,3,1,2,1,1,2,1
"164",4,3,1,1,3,1,2,2,1
"165",4,1,2,1,3,1,2,2,1
"166",2,4,3,1,3,1,1,2,1
"167",6,4,4,1,1,1,2,2,1
"168",6,5,4,1,2,1,1,2,1
"169",4,5,3,1,2,1,1,2,1
"170",2,5,3,1,3,1,1,2,1
"171",6,5,4,1,2,1,1,1,1
"172",4,3,1,1,3,1,2,2,2
"173",4,4,3,1,3,1,2,2,2
"174",6,5,4,1,3,1,1,1,1
"175",6,5,4,1,1,1,1,2,1
"176",3,5,3,2,2,1,1,2,1
"177",2,5,3,2,1,1,1,2,1
"178",6,5,4,1,1,1,1,1,1
"179",1,6,3,1,3,1,1,2,1
"180",4,1,1,2,1,3,2,2,1
"181",4,1,3,1,1,1,2,2,1
"182",6,4,4,1,3,1,1,2,1
"183",6,5,4,1,2,1,1,1,1
"184",6,5,4,1,2,1,1,1,1
"185",6,5,4,1,3,1,1,2,1
"186",6,5,4,1,3,1,1,2,1
"187",6,2,4,1,3,1,1,2,1
"188",6,5,4,1,3,1,1,1,1
"189",5,3,1,2,3,3,2,2,2
"190",4,1,3,2,2,1,2,2,1
"191",3,5,3,1,3,1,1,2,1
"192",6,5,4,1,3,1,1,1,1
"193",2,5,3,1,3,1,1,2,1
"194",6,5,4,1,2,1,1,2,1
"195",6,5,4,1,2,1,1,2,1
"196",2,2,3,1,3,1,1,2,1
"197",1,6,3,1,1,1,1,2,1
"198",5,3,1,2,3,1,2,2,2
"199",4,1,3,2,2,1,2,2,1
"200",3,5,2,1,3,1,1,2,1
"201",6,5,4,1,3,1,1,1,1
"202",2,4,2,1,3,1,1,2,1
"203",3,1,3,1,3,1,1,2,1
"204",6,5,4,1,2,1,1,2,1
"205",2,5,3,2,3,1,1,2,1
"206",2,5,3,1,2,1,1,2,1
"207",5,3,2,2,2,1,2,2,2
"208",4,4,3,2,2,1,2,2,1
"209",2,4,2,1,3,1,1,2,1
"210",3,4,3,1,3,1,1,2,1
"211",3,1,2,1,3,1,1,2,1
"212",3,5,3,1,3,1,1,2,1
"213",2,5,3,1,3,1,1,2,1
"214",6,5,4,1,1,1,1,2,1
"215",6,5,4,2,2,1,1,2,1
"216",5,1,2,1,2,1,2,2,1
"217",2,4,2,1,3,1,1,2,1
"218",3,5,3,1,3,1,1,2,1
"219",2,5,2,2,2,1,2,2,1
"220",3,1,3,2,3,1,1,2,1
"221",2,5,3,1,2,1,1,2,1
"222",6,5,4,1,2,1,1,2,1
"223",6,5,4,1,3,1,1,2,1
"224",5,1,2,2,2,1,2,2,1
"225",3,4,2,2,2,1,1,2,1
"226",3,1,2,1,3,1,1,2,1
"227",3,1,3,2,2,3,2,2,1
"228",3,1,3,1,2,1,1,2,1
"229",3,4,3,1,3,1,1,2,1
"230",6,5,4,1,2,1,1,2,1
"231",6,5,4,1,2,1,1,2,1
"232",5,3,2,2,3,1,2,2,2
"233",3,1,2,1,2,1,2,2,1
"234",3,1,2,1,3,1,2,2,1
"235",1,6,2,1,2,1,2,2,1
"236",3,1,3,1,3,1,1,2,1
"237",3,1,3,2,3,1,1,2,1
"238",2,4,3,1,3,1,1,2,1
"239",1,6,3,1,3,1,1,2,1
"240",1,6,3,1,2,1,1,2,1
"241",6,5,4,1,3,1,1,2,1
"242",6,5,4,1,2,1,1,2,1
"243",5,3,2,2,2,3,2,2,1
"244",3,4,1,1,3,1,2,2,1
"245",3,1,2,1,2,1,2,2,1
"246",6,5,4,1,1,1,2,2,1
"247",3,1,3,1,2,1,1,2,1
"248",3,1,3,2,3,1,1,2,1
"249",3,4,3,1,2,1,1,2,1
"250",1,6,3,1,2,1,1,2,1
"251",2,4,3,1,2,1,1,2,1
"252",1,6,2,1,3,1,1,2,1
"253",6,4,4,1,2,1,1,1,1
"254",6,5,4,1,2,1,1,1,1
"255",5,5,3,1,1,1,2,2,1
"256",3,4,2,2,2,1,2,2,1
"257",2,4,3,1,2,1,2,2,1
"258",6,1,4,2,3,2,2,2,1
"259",6,1,4,1,2,1,1,2,1
"260",3,1,2,1,2,1,1,2,1
"261",6,5,4,1,1,1,1,2,1
"262",3,4,3,1,3,1,1,2,1
"263",3,4,3,1,3,1,1,2,1
"264",2,4,3,1,3,1,1,2,1
"265",6,5,4,1,2,1,2,1,1
"266",2,4,3,1,3,1,1,2,1
"267",3,4,3,1,3,1,1,2,1
"268",2,4,3,1,1,1,2,2,1
"269",6,5,4,1,2,1,2,2,1
"270",6,1,4,1,3,1,1,2,1
"271",3,5,2,1,2,1,2,2,1
"272",1,6,3,1,3,1,1,2,1
"273",1,6,2,1,3,1,1,2,1
"274",3,5,2,1,3,1,1,2,1
"275",6,4,4,1,3,1,1,2,1
"276",6,1,4,1,2,1,2,1,1
"277",6,4,4,1,2,1,1,2,1
"278",1,6,3,1,3,1,1,2,1
"279",1,6,3,1,3,1,1,2,1
"280",1,6,3,1,3,1,1,2,1
"281",2,5,3,1,2,1,2,2,1
"282",1,6,3,2,1,1,2,2,1
"283",6,4,4,1,2,1,2,2,1
"284",3,4,3,1,1,1,1,2,1
"285",3,5,3,1,2,1,2,2,1
"286",1,6,3,1,2,1,1,2,1
"287",2,4,3,1,1,1,1,2,1
"288",2,4,3,1,2,1,2,2,1
"289",2,4,3,1,3,1,1,2,1
"290",2,1,3,1,3,1,2,2,1
"291",6,5,4,1,3,1,1,2,1
"292",2,4,3,1,3,1,1,2,1
"293",6,4,4,1,1,1,1,2,1
"294",2,4,2,1,3,1,1,2,1
"295",3,1,3,1,3,1,2,2,1
"296",1,6,3,1,3,1,1,2,1
"297",6,4,4,1,3,1,1,2,1
"298",2,5,3,2,2,3,2,2,1
"299",6,4,4,1,3,1,1,2,1
"300",2,4,3,1,2,1,2,2,1
"301",2,4,3,1,2,1,1,2,1
"302",6,1,4,1,2,1,2,2,1
"303",2,4,3,1,3,1,1,2,1
"304",1,6,3,1,3,1,1,2,1
"305",3,4,2,1,3,1,1,2,1
"306",6,1,4,1,2,1,2,2,1
"307",2,4,3,1,3,1,1,2,1
"308",6,5,4,1,3,1,2,2,1
"309",1,6,3,1,2,1,1,2,1
"310",6,5,4,1,2,1,1,2,1
"311",2,5,3,1,2,1,2,2,1
"312",2,4,3,1,1,1,1,2,1
"313",6,4,4,1,3,1,1,2,1
"314",4,1,2,2,3,1,2,2,1
"315",3,4,2,1,2,1,2,2,1
"316",2,4,3,1,2,1,1,2,1
"317",1,6,3,1,3,1,1,2,1
"318",2,5,3,1,2,1,1,2,1
"319",6,5,4,2,2,1,2,2,1
"320",1,6,3,1,3,1,1,2,1
"321",2,5,3,1,3,1,2,2,1
"322",3,1,2,1,3,1,1,2,1
"323",4,1,2,2,2,1,2,2,1
"324",3,4,2,2,3,2,2,2,1
"325",2,5,3,1,3,1,1,2,1
"326",6,5,4,1,2,1,2,2,1
"327",2,1,3,1,2,1,2,2,1
"328",2,4,3,1,2,1,2,2,1
"329",2,1,2,1,2,1,2,2,1
"330",1,6,3,1,2,1,2,2,1
"331",3,1,2,2,3,1,1,2,1
"332",2,4,3,1,3,1,1,2,1
"333",1,6,3,1,3,1,1,2,1
"334",6,5,4,1,2,1,2,2,1
"335",2,1,3,1,3,1,2,2,1
"336",3,4,2,1,2,1,2,2,1
"337",2,4,3,1,2,1,2,2,1
"338",1,6,2,1,3,1,2,2,1
"339",3,1,2,2,3,3,2,2,1
"340",3,4,3,1,3,1,1,2,1
"341",1,6,3,1,3,1,1,2,1
"342",3,4,3,1,3,1,1,2,1
"343",6,1,4,1,2,1,2,2,1
"344",1,6,3,1,1,1,2,2,1
"345",2,1,3,1,2,1,2,2,1
"346",3,1,2,1,2,1,2,2,1
"347",2,4,3,1,1,1,1,2,1
"348",2,4,3,1,1,1,1,2,1
"349",6,1,4,1,2,1,2,2,1
"350",2,4,3,1,2,1,2,2,1
"351",3,5,3,2,3,1,2,2,1
"352",1,6,3,2,3,1,1,2,1
"353",2,5,3,1,3,1,1,2,1
"354",1,6,3,1,3,1,1,2,1
"355",1,6,3,1,3,1,1,2,1
"356",6,5,4,1,2,1,2,2,1
"357",3,1,2,2,2,1,2,2,1
"358",6,4,4,1,2,1,1,2,1
"359",3,4,3,1,2,1,1,2,1
"360",6,4,4,1,2,1,1,2,1
"361",6,5,4,1,2,1,1,1,1
"362",6,5,4,1,3,1,2,2,1
"363",3,3,2,2,3,2,2,2,1
"364",1,6,3,1,2,1,1,2,1
"365",1,6,2,1,2,1,1,2,1
"366",1,6,3,1,2,1,1,2,1
"367",6,5,4,1,2,1,1,1,1
"368",1,6,3,1,3,1,1,2,1
"369",6,5,4,1,2,1,1,1,1
"370",3,3,2,1,3,1,2,2,1
"371",1,6,3,1,1,1,1,2,1
"372",1,6,3,1,3,1,1,2,1
"373",6,5,4,1,2,1,1,1,1
"374",2,5,3,2,3,3,1,2,1
"375",1,6,3,1,3,1,1,2,1
"376",3,4,3,1,2,1,1,2,1
"377",3,3,2,2,3,1,2,2,1
"378",1,6,3,1,3,1,1,2,1
"379",6,5,4,1,2,1,1,1,1
"380",2,5,3,1,3,1,1,2,1
"381",1,6,3,1,3,1,1,2,1
"382",3,4,3,1,3,1,1,2,1
"383",2,4,3,1,3,1,1,2,1
"384",3,4,3,1,3,1,1,2,1
"385",3,3,2,2,2,1,2,2,1
"386",3,1,2,1,3,1,1,2,1
"387",6,5,4,1,2,1,1,1,1
"388",2,5,3,2,2,2,1,2,1
"389",3,4,3,1,2,1,1,2,1
"390",1,6,3,1,2,1,1,2,1
"391",1,6,3,1,2,1,1,2,1
"392",1,6,3,1,3,1,1,2,1
"393",1,6,3,1,3,1,1,2,1
"394",3,5,3,1,2,1,1,2,1
"395",3,1,2,2,2,3,2,2,1
"396",3,5,3,1,3,1,1,2,1
"397",3,1,2,1,2,1,2,2,1
"398",2,5,3,1,3,1,1,2,1
"399",6,4,4,1,3,1,1,2,1
"400",2,4,3,1,3,1,1,2,1
"401",1,6,3,1,2,1,1,2,1
"402",1,6,3,1,3,1,1,2,1
"403",3,1,2,1,3,1,1,2,1
"404",6,5,4,1,2,1,1,1,1
"405",2,4,3,1,3,1,1,2,1
"406",6,1,4,1,1,1,2,2,1
"407",6,5,4,1,1,1,1,2,1
"408",3,1,2,1,3,1,2,2,1
"409",6,5,4,1,1,1,1,2,1
"410",2,5,3,1,2,1,1,2,1
"411",3,4,3,1,2,1,1,2,1
"412",3,5,2,2,3,1,1,2,1
"413",3,1,1,2,3,1,2,2,1
"414",6,5,4,1,3,1,1,1,1
"415",3,4,3,1,2,1,1,2,1
"416",2,1,3,1,3,1,1,2,1
"417",3,4,3,1,3,1,1,2,1
"418",6,5,4,1,3,1,1,2,1
"419",6,5,4,1,2,1,1,1,1
"420",1,6,3,1,2,1,1,2,1
"421",4,1,2,1,3,1,2,2,1
"422",3,5,3,1,3,1,1,2,1
"423",6,5,4,1,3,1,1,2,1
"424",6,4,4,1,1,1,1,2,1
"425",3,1,3,1,1,1,2,2,1
"426",3,1,2,1,2,1,2,2,1
"427",6,5,4,1,2,1,1,1,1
"428",2,4,3,2,2,1,1,2,1
"429",2,4,3,1,3,1,1,2,1
"430",3,5,2,1,3,1,1,2,1
"431",6,4,4,1,2,1,1,1,1
"432",6,4,4,1,2,1,1,2,1
"433",4,1,1,1,3,1,2,2,1
"434",3,1,3,1,3,1,1,2,1
"435",2,5,3,1,3,1,1,2,1
"436",6,5,4,2,2,1,1,2,1
"437",3,4,3,1,3,1,2,2,1
"438",2,5,3,1,2,1,2,2,1
"439",6,2,4,1,2,1,1,1,1
"440",2,4,3,1,3,1,1,2,1
"441",3,5,2,1,3,1,2,2,1
"442",2,4,3,1,3,1,1,2,1
"443",6,4,4,1,3,1,1,2,1
"444",6,5,4,1,2,1,2,1,1
"445",6,5,4,1,2,1,1,1,1
"446",3,1,3,1,1,1,2,2,1
"447",3,5,2,1,3,1,1,2,1
"448",6,5,4,1,3,1,1,2,1
"449",2,4,2,1,3,1,2,2,1
"450",3,4,2,1,3,1,2,2,1
"451",6,1,4,1,2,1,1,1,1
"452",1,6,3,1,2,1,1,2,1
"453",4,1,2,2,3,1,2,2,1
"454",3,4,3,1,3,1,1,2,1
"455",6,2,4,1,3,1,2,1,1
"456",3,1,2,1,2,1,1,2,1
"457",3,4,3,1,3,1,1,2,1
"458",1,6,3,1,3,1,1,2,1
"459",3,5,2,1,3,1,2,2,1
"460",6,5,4,1,2,1,1,2,1
"461",3,1,2,1,3,1,2,2,1
"462",2,4,3,1,3,1,1,2,1
"463",3,4,3,1,2,1,2,2,1
"464",6,5,4,1,3,1,1,1,1
"465",3,4,3,1,3,1,1,2,1
"466",4,1,2,2,2,1,2,2,1
"467",3,1,2,2,3,3,1,2,1
"468",1,6,3,1,2,1,1,2,1
"469",6,1,4,1,3,1,2,1,1
"470",3,1,2,1,3,1,2,2,1
"471",2,4,3,1,2,1,1,2,1
"472",3,5,3,1,1,1,2,2,1
"473",6,5,4,1,2,1,1,2,1
"474",3,4,3,1,1,1,2,2,1
"475",2,4,3,1,2,1,1,2,1
"476",1,6,3,1,2,1,2,2,1
"477",6,5,4,1,3,1,1,1,1
"478",2,4,3,1,2,1,1,2,1
"479",4,1,3,2,2,1,2,2,1
"480",4,1,2,1,3,1,2,2,1
"481",6,1,4,1,3,1,2,1,1
"482",3,1,2,2,3,1,2,2,1
"483",2,4,3,1,3,1,1,2,1
"484",3,5,3,1,2,1,2,2,1
"485",6,5,4,1,2,1,1,2,1
"486",3,4,3,1,3,1,2,2,1
"487",6,5,4,1,2,1,1,1,1
"488",2,1,3,1,1,1,1,2,1
"489",4,1,2,1,2,1,2,2,1
"490",4,1,1,2,2,1,2,2,1
"491",6,1,4,1,2,1,2,1,1
"492",3,1,1,2,2,3,2,2,1
"493",4,5,2,1,2,1,2,2,1
"494",6,4,4,1,2,1,1,1,1
"495",6,5,4,1,3,1,1,2,1
"496",3,1,2,1,3,1,2,2,1
"497",6,5,4,1,3,1,1,1,1
"498",4,1,3,2,3,1,2,2,1
"499",4,1,3,1,2,1,2,2,1
"500",2,1,3,1,2,1,2,2,1
"501",3,1,1,1,2,1,2,2,1
"502",4,5,2,1,3,1,2,2,1
"503",6,4,4,1,3,1,1,1,1
"504",3,4,2,1,3,1,1,2,1
"505",6,5,4,1,3,1,1,1,1
"506",6,5,4,1,3,1,2,1,1
"507",3,5,2,1,3,1,2,2,1
"508",6,5,4,1,2,1,1,1,1
"509",6,1,4,1,2,1,2,2,1
"510",5,1,2,1,2,1,2,2,1
"511",2,1,3,1,3,1,2,2,1
"512",2,1,2,1,2,1,2,2,1
"513",4,1,2,1,3,1,2,2,1
"514",6,5,4,1,2,1,1,1,1
"515",3,4,2,2,3,1,2,2,1
"516",6,5,4,1,2,1,2,1,1
"517",1,6,3,1,3,1,1,2,1
"518",3,5,3,1,1,3,2,2,1
"519",6,5,4,1,2,1,1,1,1
"520",5,1,2,2,2,1,2,2,1
"521",2,4,3,1,2,1,2,2,1
"522",4,1,2,2,3,3,2,2,1
"523",6,5,4,1,3,1,1,1,1
"524",2,1,2,1,2,1,2,2,1
"525",6,5,4,1,2,1,2,1,1
"526",3,4,2,1,3,1,1,2,1
"527",2,4,3,1,3,1,1,2,1
"528",6,5,4,1,2,1,1,1,1
"529",5,1,2,2,2,1,2,2,1
"530",2,4,3,1,2,1,2,2,1
"531",6,5,4,1,3,1,2,2,1
"532",4,1,2,1,3,1,2,2,1
"533",6,5,4,2,2,1,1,1,1
"534",2,1,2,2,3,1,2,2,1
"535",6,5,4,1,2,1,2,1,1
"536",3,4,2,1,3,1,2,2,1
"537",2,4,3,1,3,1,1,2,1
"538",6,5,4,1,2,1,1,1,1
"539",5,1,2,1,1,1,2,2,1
"540",6,4,4,1,1,1,2,2,1
"541",6,5,4,2,3,1,2,2,1
"542",4,5,2,2,2,1,2,2,1
"543",6,5,4,1,3,1,1,1,1
"544",3,4,2,1,2,1,2,2,1
"545",6,4,4,1,2,1,2,1,1
"546",3,1,3,1,2,1,2,2,1
"547",6,4,4,1,1,1,1,2,1
"548",1,6,3,1,2,1,1,2,1
"549",6,5,4,1,2,1,2,1,1
"550",6,5,4,1,2,1,2,2,1
"551",4,5,2,2,2,1,2,2,1
"552",2,5,3,2,2,1,1,2,1
"553",2,4,3,1,1,1,2,2,1
"554",6,5,4,1,2,1,2,1,1
"555",1,6,3,1,3,1,1,2,1
"556",6,5,4,1,3,1,1,1,1
"557",6,5,4,1,2,1,2,2,1
"558",3,1,2,2,2,1,2,2,1
"559",6,5,4,1,2,1,1,2,1
"560",1,6,3,1,2,1,2,2,1
"561",6,5,4,1,2,1,2,1,1
"562",2,4,3,1,3,1,1,2,1
"563",3,5,3,2,3,1,2,2,1
"564",3,2,3,1,3,1,1,2,1
"565",3,4,3,1,3,1,1,2,1
"566",2,5,3,1,2,1,1,2,1
"567",6,5,4,1,2,1,2,2,1
"568",3,1,2,1,2,1,2,2,1
"569",6,5,4,1,2,1,1,2,1
"570",6,4,4,1,2,1,2,1,1
"571",2,5,3,1,3,1,2,2,1
"572",2,5,2,1,3,1,1,2,1
"573",6,4,4,1,2,1,1,2,1
"574",2,5,3,1,3,1,1,2,1
"575",6,5,4,1,2,1,2,2,1
"576",3,1,3,1,3,1,2,2,1
"577",6,5,4,1,2,1,1,2,1
"578",6,4,4,1,3,1,2,1,1
"579",1,6,3,1,3,1,1,2,1
"580",2,5,3,1,2,1,2,2,1
"581",2,5,3,1,2,1,1,2,1
"582",2,4,3,1,3,1,1,2,1
"583",2,5,3,1,1,1,1,2,1
"584",1,6,3,1,3,1,1,2,1
"585",2,5,3,1,2,1,1,2,1
"586",3,1,2,1,3,1,2,2,1
"587",6,5,4,1,2,1,1,2,1
"588",6,5,4,1,3,1,2,1,1
"589",2,5,3,1,3,1,1,2,1
"590",2,5,3,1,3,1,2,2,1
"591",6,5,4,1,3,1,1,2,1
"592",2,4,3,1,2,1,1,2,1
"593",3,5,3,1,3,1,1,2,1
"594",6,5,4,2,3,1,1,2,1
"595",6,5,4,1,3,1,1,2,1
"596",3,1,3,1,2,1,2,2,1
"597",6,5,4,1,2,1,1,2,1
"598",6,5,4,1,2,1,2,1,1
"599",3,5,2,1,3,1,1,2,1
"600",3,1,2,2,2,1,2,2,1
"601",5,5,3,2,2,1,1,2,1
"602",6,4,4,1,2,1,1,2,1
"603",2,4,2,1,2,1,1,2,1
"604",6,5,4,1,2,1,1,2,1
"605",6,5,4,1,2,1,1,2,1
"606",3,1,3,1,3,1,2,2,1
"607",3,1,2,2,2,1,2,2,1
"608",3,5,3,2,2,3,2,2,1
"609",5,2,3,1,2,1,1,2,1
"610",2,4,3,1,3,1,1,2,1
"611",3,4,2,1,3,1,1,2,1
"612",2,5,3,1,2,1,1,2,1
"613",6,4,4,1,2,1,1,2,1
"614",6,4,4,1,3,1,1,1,1
"615",3,5,3,1,3,1,1,2,1
"616",3,5,2,1,1,1,2,2,1
"617",2,4,2,1,2,1,2,2,1
"618",2,5,3,1,3,1,1,2,1
"619",1,6,2,2,2,1,2,2,1
"620",6,5,4,1,3,1,1,2,1
"621",1,6,3,1,3,1,1,2,1
"622",2,5,2,1,3,1,1,2,1
"623",6,4,4,2,1,1,2,2,1
"624",2,5,3,1,2,1,2,2,1
"625",6,5,4,1,2,1,1,2,1
"626",1,6,2,1,2,1,2,2,1
"627",2,5,3,1,2,1,1,2,1
"628",1,6,3,1,3,1,1,2,1
"629",3,1,3,1,3,1,1,2,1
"630",2,5,3,1,2,1,1,2,1
"631",1,6,3,1,3,1,1,2,1
"632",2,5,3,2,2,1,2,2,1
"633",2,5,2,1,3,1,1,2,1
"634",2,4,3,1,2,1,2,2,1
"635",2,5,3,1,3,1,1,2,1
"636",3,1,2,1,2,1,1,2,1
"637",4,1,2,1,3,1,1,2,1
"638",6,4,4,1,3,1,1,2,1
"639",2,4,3,1,3,1,1,2,1
"640",6,5,4,1,1,1,2,2,1
"641",3,5,3,1,2,1,1,2,1
"642",2,5,3,2,3,1,2,2,1
"643",2,5,3,1,3,1,1,2,1
"644",3,1,3,1,2,1,2,2,1
"645",5,5,2,1,3,1,2,2,1
"646",3,1,2,1,2,1,1,2,1
"647",2,4,3,1,3,1,1,2,1
"648",3,1,2,1,3,1,1,2,1
"649",4,5,3,1,3,1,1,2,1
"650",6,5,4,1,2,1,2,2,1
"651",2,5,3,1,2,1,1,2,1
"652",6,5,4,1,1,1,1,2,1
"653",2,5,3,1,3,1,2,2,1
"654",5,5,2,1,3,1,2,2,1
"655",3,4,3,1,2,1,2,2,1
"656",3,1,2,2,3,1,2,2,1
"657",3,4,1,2,3,1,1,2,1
"658",6,3,4,1,3,1,1,1,1
"659",2,4,3,1,2,1,1,2,1
"660",6,5,4,1,2,1,1,2,1
"661",6,1,4,1,1,1,2,2,1
"662",5,5,2,2,2,1,2,2,1
"663",1,6,3,1,2,1,2,2,1
"664",3,5,2,1,2,1,2,2,1
"665",4,2,1,2,3,1,2,2,1
"666",1,6,3,1,2,1,1,2,1
"667",2,2,3,1,3,1,2,2,1
"668",1,6,3,1,3,1,1,2,1
"669",6,4,4,1,2,1,1,2,1
"670",6,4,4,1,3,1,2,2,1
"671",5,4,2,1,2,1,2,2,1
"672",6,5,4,1,1,1,2,2,1
"673",3,1,2,1,3,1,2,2,1
"674",4,3,2,2,3,1,2,2,2
"675",5,2,3,1,2,1,2,2,1
"676",1,6,3,1,3,1,1,2,1
"677",6,4,4,1,2,1,1,2,1
"678",1,6,3,1,2,1,2,2,1
"679",3,1,2,1,2,1,2,2,1
"680",5,3,2,1,2,1,2,2,1
"681",4,2,3,2,2,1,2,2,1
"682",1,6,2,1,3,1,1,2,1
"683",6,5,4,1,2,1,2,1,1
"684",6,4,4,1,2,1,1,2,1
"685",1,6,3,1,1,1,2,2,1
"686",3,5,2,2,2,1,2,2,1
"687",4,3,2,2,2,1,2,2,1
"688",5,2,3,1,3,1,2,2,1
"689",2,4,3,1,3,1,1,2,1
"690",2,5,3,1,3,1,2,2,1
"691",6,4,4,1,1,1,2,2,1
"692",1,6,2,1,1,1,2,2,1
"693",5,3,2,1,2,1,2,2,1
"694",3,2,2,2,3,1,2,2,1
"695",2,4,3,1,2,1,1,2,1
"696",6,5,4,1,3,1,2,2,1
"697",6,4,4,1,2,1,1,2,1
"698",1,6,3,1,3,1,1,2,1
"699",6,5,4,1,3,1,1,1,1
"700",6,4,4,1,3,1,2,2,1
"701",5,1,2,2,3,1,2,2,2
"702",4,2,2,1,3,1,2,2,1
"703",6,5,4,1,2,1,2,2,1
"704",6,4,4,1,2,1,1,2,1
"705",6,5,4,1,3,1,1,1,1
"706",6,4,4,1,3,1,2,2,1
"707",5,1,2,2,3,1,2,2,1
"708",4,2,2,1,3,1,2,2,1
"709",6,5,4,1,3,1,2,2,1
"710",6,4,4,1,3,1,1,2,1
"711",6,5,4,1,3,1,1,1,1
"712",1,6,3,1,3,1,1,2,1
"713",5,1,2,2,2,3,2,2,1
"714",4,2,3,2,2,2,2,2,1
"715",6,5,4,1,2,1,2,2,1
"716",6,4,4,1,2,1,1,2,1
"717",2,5,2,1,3,1,1,2,1
"718",5,1,2,1,2,1,2,2,1
"719",4,2,3,2,2,1,2,2,1
"720",6,5,4,1,3,1,2,2,1
"721",6,4,4,1,3,1,1,2,1
"722",3,5,2,1,3,1,1,2,1
"723",5,1,2,1,2,1,2,2,1
"724",4,1,3,1,2,1,2,2,1
"725",6,5,4,1,3,1,2,2,1
"726",3,5,2,1,3,1,2,2,1
"727",2,4,3,1,2,1,1,2,1
"728",1,6,3,1,3,1,1,2,1
"729",5,1,2,2,2,1,2,2,1
"730",6,5,4,1,3,1,2,2,1
"731",3,1,3,1,3,1,2,2,1
"732",1,6,3,1,3,1,1,2,1
"733",1,6,3,1,2,1,1,2,1
"734",1,6,3,1,2,1,1,2,1
"735",1,6,2,1,3,1,1,2,1
"736",4,5,3,1,1,1,2,2,1
"737",3,1,2,1,3,1,2,2,1
"738",6,4,4,1,3,1,1,2,1
"739",2,4,3,1,3,1,1,2,1
"740",1,6,3,1,3,1,1,2,1
"741",6,5,4,1,2,1,2,1,1
"742",6,4,4,2,2,1,2,2,1
"743",2,5,3,1,3,1,1,2,1
"744",3,1,2,1,3,1,2,2,1
"745",6,4,4,1,2,1,1,2,1
"746",1,6,3,1,2,1,1,2,1
"747",2,4,3,1,2,1,1,2,1
"748",6,5,4,1,2,1,2,1,1
"749",1,6,2,1,3,1,1,2,1
"750",6,5,4,1,2,1,1,1,1
"751",6,1,4,1,2,1,1,2,1
"752",2,1,3,1,2,1,2,2,1
"753",1,6,3,1,3,1,1,2,1
"754",1,6,2,1,3,1,1,2,1
"755",1,6,3,1,3,1,1,2,1
"756",6,5,4,1,3,1,2,1,1
"757",2,4,3,1,3,1,1,2,1
"758",2,5,3,1,3,1,1,2,1
"759",6,1,4,1,3,1,1,2,1
"760",4,1,3,1,3,1,2,2,1
"761",1,6,3,1,3,1,1,2,1
"762",6,5,4,1,2,1,2,1,1
"763",2,4,3,1,2,1,1,2,1
"764",6,5,4,1,3,1,1,2,1
"765",2,1,3,1,2,1,2,2,1
"766",2,4,3,1,3,1,1,2,1
"767",6,5,4,1,2,1,2,1,1
"768",6,4,4,1,1,1,1,2,1
"769",6,5,4,1,1,1,1,2,1
"770",2,5,2,1,3,1,1,2,1
"771",6,1,4,1,3,1,2,1,1
"772",1,6,2,1,2,1,1,2,1
"773",6,5,4,1,2,1,1,2,1
"774",1,6,3,2,2,1,2,2,1
"775",2,5,3,1,2,1,1,2,1
"776",2,1,3,1,3,1,2,2,1
"777",1,6,3,2,2,1,1,2,1
"778",6,5,4,1,2,1,1,2,1
"779",6,4,4,1,2,1,1,2,1
"780",2,4,3,1,3,1,1,2,1
"781",1,6,3,1,3,1,1,2,1
"782",2,5,3,2,2,1,1,2,1
"783",6,1,4,1,2,1,2,2,1
"784",1,6,3,1,1,1,1,2,1
"785",6,5,4,1,2,1,1,2,1
"786",1,6,3,1,3,1,1,2,1
"787",6,4,4,1,2,1,1,2,1
"788",2,4,3,1,2,1,1,2,1
"789",6,1,4,1,2,1,2,2,1
"790",6,2,4,1,3,1,1,2,1
"791",1,6,3,1,1,1,1,2,1
"792",6,4,4,1,1,1,1,2,1
"793",6,5,4,1,2,1,1,2,1
"794",2,4,3,1,3,1,1,2,1
"795",6,1,4,1,3,1,2,2,1
"796",6,2,4,1,2,1,1,2,1
"797",1,6,3,1,3,1,1,2,1
"798",6,5,4,1,2,1,1,2,1
"799",2,4,3,1,2,1,1,2,1
"800",1,6,3,1,1,1,2,2,1
"801",6,5,4,1,2,1,1,2,1
"802",2,5,3,2,2,1,1,2,1
"803",1,6,3,1,3,1,1,2,1
"804",2,5,3,1,2,1,1,2,1
"805",1,6,3,1,2,1,2,2,1
"806",6,5,4,1,3,1,1,2,1
"807",2,5,3,2,3,1,1,2,1
"808",1,6,3,2,3,1,1,2,1
"809",2,5,3,1,3,1,1,2,1
"810",1,6,3,1,2,1,1,2,1
"811",6,5,4,1,3,1,1,1,1
"812",6,1,4,1,3,1,1,1,1
"813",6,1,4,1,3,1,1,1,1
"814",6,1,4,1,2,1,1,1,1
"815",6,1,4,1,2,1,1,1,1
"816",6,5,4,1,3,1,1,2,1
"817",3,1,2,1,3,1,2,2,1
"818",6,5,4,1,2,1,1,2,1
"819",3,4,3,1,2,1,1,2,1
"820",3,1,2,1,3,1,1,2,1
"821",2,1,3,1,3,1,1,2,1
"822",6,5,4,1,2,1,1,1,1
"823",6,5,4,1,2,1,1,1,1
"824",2,5,3,1,3,1,1,2,1
"825",1,6,3,1,3,1,1,2,1
"826",6,5,4,1,2,1,1,1,1
"827",6,5,4,1,3,1,1,2,1
"828",3,1,2,1,3,1,2,2,1
"829",6,5,4,1,2,1,1,2,1
"830",3,4,3,1,3,1,1,2,1
"831",3,1,2,1,3,1,2,2,1
"832",2,1,3,1,3,1,1,2,1
"833",6,5,4,1,2,1,1,1,1
"834",6,5,4,1,2,1,1,1,1
"835",6,5,4,1,2,1,1,2,1
"836",6,5,4,1,3,1,1,1,1
"837",3,2,3,1,3,1,2,2,1
"838",6,5,4,1,2,1,1,2,1
"839",2,4,3,2,2,1,1,2,1
"840",3,5,3,2,2,2,2,2,1
"841",2,4,3,1,2,1,1,2,1
"842",6,5,4,1,3,1,1,1,1
"843",6,5,4,1,3,1,1,1,1
"844",2,5,3,1,3,1,1,2,1
"845",5,1,2,1,3,1,1,2,1
"846",4,5,3,1,2,1,2,2,1
"847",6,5,4,1,2,1,1,2,1
"848",3,4,3,1,2,1,1,2,1
"849",2,5,3,2,2,3,2,2,1
"850",6,5,4,1,1,1,1,2,1
"851",3,5,3,1,1,1,1,2,1
"852",2,5,3,1,3,1,1,2,1
"853",3,1,2,2,3,1,1,2,1
"854",2,1,3,1,3,1,2,2,1
"855",6,5,4,1,2,1,2,1,1
"856",6,5,4,1,2,1,1,2,1
"857",2,4,3,1,2,1,1,2,1
"858",6,5,4,1,1,2,2,2,1
"859",2,5,3,1,3,1,1,2,1
"860",2,5,3,1,3,1,1,2,1
"861",3,3,2,2,3,1,2,2,1
"862",4,1,2,1,3,1,2,2,1
"863",6,5,4,1,2,1,2,1,1
"864",2,4,3,1,3,1,1,2,1
"865",6,5,4,1,3,1,1,2,1
"866",2,4,3,1,2,1,1,2,1
"867",6,5,4,1,3,1,2,2,1
"868",2,5,3,1,2,1,1,2,1
"869",2,5,3,1,2,1,1,2,1
"870",3,3,2,2,3,1,2,2,1
"871",4,1,2,1,2,1,2,2,1
"872",6,5,4,1,3,1,2,1,1
"873",2,4,3,1,3,1,1,2,1
"874",1,6,3,1,3,1,1,2,1
"875",1,6,3,1,2,1,1,2,1
"876",6,5,4,1,2,1,1,2,1
"877",6,4,4,1,1,1,1,2,1
"878",6,5,4,1,2,1,2,2,1
"879",6,5,4,1,1,1,1,2,1
"880",6,5,4,1,2,1,1,2,1
"881",3,1,2,2,2,1,2,2,1
"882",3,5,2,2,3,1,2,2,1
"883",6,5,4,1,2,1,2,1,1
"884",2,4,3,1,2,1,1,2,1
"885",3,4,3,1,3,1,1,2,1
"886",3,5,3,1,3,1,1,2,1
"887",6,5,4,1,2,1,2,2,1
"888",6,5,4,1,2,1,1,2,1
"889",6,5,4,1,1,1,1,2,1
"890",3,5,3,1,2,1,2,2,1
"891",3,5,3,1,2,1,2,2,1
"892",6,5,4,1,2,1,2,1,1
"893",3,5,3,1,3,1,1,2,1
"894",4,5,3,2,3,3,1,2,1
"895",1,6,3,1,3,1,1,2,1
"896",6,5,4,1,3,1,2,2,1
"897",6,5,4,1,2,1,1,2,1
"898",6,5,4,1,2,1,1,2,1
"899",3,3,2,2,2,1,2,2,1
"900",2,5,3,1,2,1,2,2,1
"901",6,5,4,1,3,1,2,1,1
"902",1,6,3,1,3,1,1,2,1
"903",3,1,2,1,3,1,1,2,1
"904",2,5,3,2,2,2,1,2,1
"905",3,4,3,1,3,1,1,2,1
"906",6,5,4,1,2,1,2,2,1
"907",6,5,4,1,2,1,1,2,1
"908",6,5,4,1,3,1,1,2,1
"909",3,3,2,2,2,1,2,2,1
"910",2,5,3,1,2,1,2,2,1
"911",6,5,4,1,3,1,2,1,1
"912",1,6,3,1,1,1,1,2,1
"913",3,1,2,1,3,1,2,2,1
"914",2,5,3,1,2,1,1,2,1
"915",3,4,3,1,3,1,1,2,1
"916",6,5,4,1,2,1,2,2,1
"917",6,5,4,1,2,1,1,2,1
"918",4,1,3,1,2,1,2,2,1
"919",2,5,3,1,1,1,2,2,1
"920",6,5,4,1,3,1,2,1,1
"921",6,4,4,1,2,1,1,2,1
"922",4,1,1,2,2,1,2,2,1
"923",3,1,2,1,3,1,1,2,1
"924",3,1,2,1,3,1,1,2,1
"925",4,5,2,1,3,1,1,2,1
"926",3,5,2,1,3,1,1,2,1
"927",6,5,4,1,2,1,1,2,1
"928",2,1,3,2,2,3,2,2,1
"929",2,5,3,1,3,1,2,2,1
"930",6,5,4,1,2,1,2,1,1
"931",6,4,4,1,3,1,1,2,1
"932",4,1,2,1,2,1,2,2,1
"933",3,3,2,1,3,1,2,2,1
"934",3,1,3,1,3,1,2,2,1
"935",4,3,2,1,3,1,2,2,2
"936",3,3,2,1,3,1,2,2,1
"937",6,4,4,1,3,1,1,2,1
"938",6,5,4,1,3,1,1,1,1
"939",2,1,3,1,2,1,2,2,1
"940",2,5,3,1,2,1,2,2,1
"941",6,5,4,1,3,1,2,1,1
"942",3,3,2,2,2,1,2,2,1
"943",1,6,3,1,2,1,2,2,1
"944",4,3,2,1,2,1,2,2,1
"945",3,3,2,1,3,1,2,2,1
"946",6,4,4,1,3,1,1,2,1
"947",6,5,4,1,3,1,1,1,1
"948",6,5,4,1,1,1,2,2,1
"949",6,5,4,1,3,1,2,1,1
"950",3,1,2,1,2,1,2,2,1
"951",5,3,1,1,2,1,2,2,2
"952",4,3,1,2,3,1,2,2,2
"953",3,1,2,1,3,1,1,2,1
"954",2,4,3,1,3,1,1,2,1
"955",6,4,4,1,2,1,1,2,1
"956",1,6,3,1,3,1,1,2,1
"957",6,5,4,1,2,1,2,1,1
"958",3,1,2,1,2,1,2,2,1
"959",4,3,1,2,2,3,2,2,2
"960",5,3,1,1,3,1,2,2,2
"961",3,3,1,2,3,1,2,2,2
"962",2,5,2,1,2,1,1,2,1
"963",6,5,4,1,3,1,1,2,1
"964",3,1,2,1,3,1,1,2,1
"965",3,5,3,1,3,1,1,2,1
"966",6,5,4,1,2,1,1,1,1
"967",1,6,3,1,3,1,1,2,1
"968",6,5,4,1,2,1,2,1,1
"969",3,5,3,1,1,1,2,2,1
"970",4,3,1,2,3,3,2,2,2
"971",5,3,2,1,2,1,2,2,2
"972",4,3,1,2,3,3,2,2,2
"973",2,4,2,1,2,1,1,2,1
"974",1,5,3,1,3,1,1,2,1
"975",3,1,3,1,3,1,2,2,1
"976",2,4,3,1,3,1,1,2,1
"977",6,5,4,1,3,1,1,1,1
"978",2,4,3,1,2,1,1,2,1
"979",6,5,4,1,2,1,2,1,1
"980",6,5,4,2,2,1,2,2,1
"981",4,3,1,2,2,3,2,2,2
"982",4,3,2,1,3,1,2,2,2
"983",4,3,1,2,2,3,2,2,2
"984",1,5,3,1,2,1,1,2,1
"985",4,1,2,1,3,1,2,2,1
"986",3,4,2,1,3,1,1,2,1
"987",6,5,4,1,2,1,1,1,1
"988",2,4,3,1,3,1,1,2,1
"989",6,5,4,1,3,1,2,2,1
"990",4,3,1,2,2,2,2,2,2
"991",4,1,2,1,2,1,2,2,1
"992",6,5,4,1,2,1,1,2,1
"993",4,1,3,2,2,1,2,2,1
"994",3,4,2,1,3,1,2,2,1
"995",6,5,4,1,2,1,1,1,1
"996",6,4,4,1,3,1,1,2,1
"997",3,5,3,1,3,1,1,2,1
"998",6,4,4,1,2,1,1,1,1
"999",4,3,1,2,2,2,2,2,2
"1000",5,5,2,2,2,1,2,2,1
"1001",3,5,2,1,3,1,1,2,1
"1002",6,5,4,1,3,1,1,2,1
"1003",3,5,3,1,3,1,2,2,1
"1004",3,1,2,1,2,1,2,2,1
"1005",6,1,4,1,3,1,1,1,1
"1006",3,5,3,1,2,1,1,2,1
"1007",6,5,4,1,2,1,1,1,1
"1008",2,5,3,1,3,1,1,2,1
"1009",6,5,4,1,2,1,2,1,1
"1010",4,3,1,2,3,1,2,2,2
"1011",5,1,2,2,2,1,2,2,1
"1012",2,5,3,1,2,1,2,2,1
"1013",3,1,2,1,2,1,2,2,1
"1014",6,1,4,1,2,1,1,1,1
"1015",1,6,3,1,3,1,1,2,1
"1016",6,5,4,1,3,1,1,1,1
"1017",3,1,3,1,3,1,1,2,1
"1018",3,2,3,1,3,1,2,2,1
"1019",3,5,3,1,3,1,1,2,1
"1020",4,3,1,2,2,1,2,2,1
"1021",5,1,2,1,2,1,2,2,1
"1022",2,5,3,1,2,1,2,2,1
"1023",3,1,2,1,1,1,2,2,1
"1024",6,1,4,1,2,1,1,1,1
"1025",6,5,4,1,2,1,1,1,1
"1026",3,1,3,1,2,1,1,2,1
"1027",3,2,3,1,3,1,2,2,1
"1028",3,5,3,1,3,1,1,2,1
"1029",6,5,4,1,1,1,2,2,1
"1030",5,5,2,1,3,1,2,2,1
"1031",6,5,4,1,3,1,1,1,1
"1032",1,6,2,1,2,1,1,2,1
"1033",3,2,3,1,2,1,2,2,1
"1034",3,4,3,1,3,1,1,2,1
"1035",3,1,2,2,3,2,1,2,1
"1036",6,5,4,1,2,1,1,1,1
"1037",2,4,3,1,3,1,1,2,1
"1038",2,4,3,1,2,1,1,2,1
"1039",3,2,3,1,2,1,2,2,1
"1040",2,5,3,1,2,1,1,2,1
"1041",4,1,2,1,2,1,2,2,1
"1042",6,5,4,1,2,1,1,1,1
"1043",2,5,3,1,3,1,1,2,1
"1044",6,5,4,1,2,1,1,2,1
"1045",3,5,3,1,3,1,2,2,1
"1046",1,6,3,1,1,1,1,2,1
"1047",4,1,3,1,2,1,2,2,1
"1048",6,5,4,1,3,1,1,1,1
"1049",6,5,4,1,3,1,1,1,1
"1050",6,5,4,1,2,1,1,2,1
"1051",6,5,4,1,2,1,1,2,1
"1052",3,2,3,1,3,1,2,2,1
"1053",4,1,2,2,2,1,2,2,1
"1054",3,5,3,1,3,1,1,2,1
"1055",6,5,4,1,1,1,1,1,1
"1056",6,5,4,1,2,1,1,2,1
"1057",6,5,4,1,2,1,1,2,1
"1058",3,5,3,1,2,1,2,2,1
"1059",6,5,4,1,2,2,2,2,1
"1060",6,5,4,2,2,1,1,2,1
"1061",3,4,3,1,3,1,1,2,1
"1062",6,5,4,1,2,1,1,1,1
"1063",6,5,4,2,2,1,1,2,1
"1064",2,5,3,1,2,1,2,2,1
"1065",6,4,4,1,2,1,1,2,1
"1066",1,6,3,1,1,1,1,2,1
